trial,detected,u_at_detection,hatuc
1,True,2.5134693877551024,2.8727687191572437
2,True,2.57630612244898,3.0431460892415383
3,True,2.701979591836735,2.938220687079601
