trial,detected,u_at_detection,hatuc
1,True,2.293877551020408,2.3693756134877124
2,True,2.3857142857142857,2.5682124933355026
3,True,2.416326530612245,2.447830172005801
