trial,detected,u_at_detection,hatuc
1,True,2.473061224489796,2.5691548126906314
2,True,2.571265306122449,2.575276871000143
3,True,2.473061224489796,2.7733437461786408
