trial,detected,u_at_detection,hatuc
1,True,0.26530612244897966,-0.022577638237997685
2,True,0.30612244897959184,-0.27786532420082466
3,True,0.24489795918367352,-0.03355740145919571
