trial,detected,u_at_detection,hatuc
1,True,0.7959183673469387,1.0025625856642129
2,True,0.836734693877551,0.8544151432938688
3,True,0.7959183673469387,1.0654735017117893
